指标名称,NYMEX:持仓数量:非商业多头持仓:轻质低硫原油(WTI原油),NYMEX:持仓数量:非商业空头持仓:轻质低硫原油(WTI原油),NYMEX:持仓数量:商业多头持仓:轻质低硫原油(WTI原油),NYMEX:持仓数量:非商业空头持仓:轻质低硫原油(WTI原油),ICE:IPE:期货持仓数量:管理基金多头持仓:原油,ICE:IPE:期货持仓数量:管理基金空头持仓:原油,ICE:IPE:期货持仓数量:生产商/贸易商/加工商/用户多头持仓:原油,ICE:IPE:期货持仓数量:生产商/贸易商/加工商/用户空头持仓:原油,
2019/01/08,"498,716.00 ","221,505.00 ","820,328.00 ","221,505.00 ","266,757.00 ","101,603.00 ","676,326.00 ","1,143,598.00 ",
2019/01/15,"498,357.00 ","191,432.00 ","811,898.00 ","191,432.00 ","272,667.00 ","91,566.00 ","710,882.00 ","1,199,304.00 ",
2019/01/22,"500,895.00 ","166,036.00 ","804,057.00 ","166,036.00 ","278,049.00 ","68,153.00 ","730,006.00 ","1,245,558.00 ",
2019/01/29,"499,297.00 ","158,386.00 ","804,921.00 ","158,386.00 ","291,953.00 ","46,261.00 ","679,499.00 ","1,225,073.00 ",
2019/02/05,"491,870.00 ","170,261.00 ","816,098.00 ","170,261.00 ","306,928.00 ","60,575.00 ","606,666.00 ","1,202,511.00 ",
2019/02/12,"472,181.00 ","183,967.00 ","841,465.00 ","183,967.00 ","335,680.00 ","57,056.00 ","643,715.00 ","1,219,167.00 ",
2019/02/19,"479,000.00 ","165,033.00 ","809,084.00 ","165,033.00 ","350,296.00 ","54,925.00 ","665,817.00 ","1,244,658.00 ",
2019/02/26,"486,235.00 ","158,564.00 ","822,211.00 ","158,564.00 ","364,681.00 ","54,329.00 ","653,121.00 ","1,234,843.00 ",
2019/03/05,"497,656.00 ","148,855.00 ","811,089.00 ","148,855.00 ","357,702.00 ","53,888.00 ","673,153.00 ","1,270,052.00 ",
2019/03/12,"500,169.00 ","137,904.00 ","753,879.00 ","137,904.00 ","364,683.00 ","58,311.00 ","763,810.00 ","1,371,269.00 ",
2019/03/19,"534,563.00 ","119,817.00 ","701,175.00 ","119,817.00 ","374,478.00 ","54,950.00 ","782,416.00 ","1,391,477.00 ",
2019/03/26,"560,552.00 ","111,933.00 ","696,940.00 ","111,933.00 ","387,829.00 ","55,767.00 ","749,862.00 ","1,377,968.00 ",
2019/04/02,"590,312.00 ","108,951.00 ","702,767.00 ","108,951.00 ","414,337.00 ","48,654.00 ","622,161.00 ","1,275,762.00 ",
2019/04/09,"621,766.00 ","105,104.00 ","712,040.00 ","105,104.00 ","419,059.00 ","40,103.00 ","624,227.00 ","1,304,857.00 ",
2019/04/16,"616,110.00 ","100,852.00 ","732,726.00 ","100,852.00 ","435,017.00 ","33,872.00 ","630,040.00 ","1,314,123.00 ",
2019/04/23,"644,670.00 ","97,311.00 ","716,970.00 ","97,311.00 ","454,365.00 ","28,730.00 ","607,758.00 ","1,297,621.00 ",
2019/04/30,"638,298.00 ","114,195.00 ","711,575.00 ","114,195.00 ","453,679.00 ","34,479.00 ","585,944.00 ","1,246,026.00 ",
2019/05/07,"616,789.00 ","122,453.00 ","693,384.00 ","122,453.00 ","445,251.00 ","30,365.00 ","584,486.00 ","1,246,326.00 ",
2019/05/14,"607,979.00 ","120,171.00 ","735,104.00 ","120,171.00 ","438,349.00 ","30,190.00 ","587,059.00 ","1,245,960.00 ",
2019/05/21,"585,979.00 ","107,581.00 ","690,552.00 ","107,581.00 ","439,394.00 ","33,787.00 ","672,355.00 ","1,329,277.00 ",
2019/05/28,"564,433.00 ","125,495.00 ","726,384.00 ","125,495.00 ","410,660.00 ","52,431.00 ","661,681.00 ","1,274,791.00 ",
2019/06/04,"538,947.00 ","138,779.00 ","737,144.00 ","138,779.00 ","365,695.00 ","60,675.00 ","697,488.00 ","1,248,463.00 ",
2019/06/11,"515,457.00 ","163,802.00 ","748,569.00 ","163,802.00 ","360,283.00 ","65,056.00 ","736,727.00 ","1,294,555.00 ",
2019/06/18,"502,749.00 ","139,662.00 ","731,622.00 ","139,662.00 ","352,708.00 ","71,840.00 ","703,727.00 ","1,258,681.00 ",
2019/06/25,"496,941.00 ","118,138.00 ","741,191.00 ","118,138.00 ","340,307.00 ","74,526.00 ","717,653.00 ","1,287,217.00 ",
2019/07/02,"513,180.00 ","120,370.00 ","731,964.00 ","120,370.00 ","331,336.00 ","77,528.00 ","667,497.00 ","1,252,739.00 ",
2019/07/09,"505,696.00 ","115,547.00 ","709,961.00 ","115,547.00 ","329,219.00 ","76,707.00 ","664,775.00 ","1,259,805.00 ",
2019/07/16,"545,484.00 ","121,722.00 ","718,705.00 ","121,722.00 ","350,620.00 ","62,573.00 ","619,105.00 ","1,236,548.00 ",
2019/07/23,"537,940.00 ","140,089.00 ","710,726.00 ","140,089.00 ","329,904.00 ","68,172.00 ","616,189.00 ","1,191,409.00 ",
2019/07/30,"540,238.00 ","152,947.00 ","732,821.00 ","152,947.00 ","351,475.00 ","76,159.00 ","606,848.00 ","1,156,489.00 ",
2019/08/06,"540,924.00 ","165,283.00 ","760,794.00 ","165,283.00 ","342,576.00 ","86,326.00 ","590,155.00 ","1,175,988.00 ",
2019/08/13,"547,040.00 ","164,896.00 ","715,157.00 ","164,896.00 ","317,569.00 ","89,046.00 ","614,640.00 ","1,199,369.00 ",
2019/08/20,"528,969.00 ","114,334.00 ","692,171.00 ","114,334.00 ","306,768.00 ","85,898.00 ","655,022.00 ","1,257,791.00 ",
2019/08/27,"513,465.00 ","121,815.00 ","713,511.00 ","121,815.00 ","320,663.00 ","92,513.00 ","691,746.00 ","1,302,974.00 ",
2019/09/03,"508,940.00 ","124,783.00 ","748,832.00 ","124,783.00 ","334,204.00 ","87,565.00 ","677,850.00 ","1,300,744.00 ",
2019/09/10,"527,579.00 ","99,374.00 ","716,210.00 ","99,374.00 ","367,015.00 ","71,086.00 ","682,807.00 ","1,361,902.00 ",
2019/09/17,"530,357.00 ","103,252.00 ","726,980.00 ","103,252.00 ","356,082.00 ","75,283.00 ","672,563.00 ","1,338,176.00 ",
2019/09/24,"528,493.00 ","104,331.00 ","740,041.00 ","104,331.00 ","348,803.00 ","83,907.00 ","693,268.00 ","1,358,305.00 ",
2019/10/01,"514,829.00 ","125,510.00 ","783,419.00 ","125,510.00 ","330,357.00 ","88,418.00 ","646,104.00 ","1,285,662.00 ",
2019/10/08,"520,283.00 ","165,198.00 ","793,152.00 ","165,198.00 ","297,640.00 ","106,345.00 ","645,065.00 ","1,282,697.00 ",
2019/10/15,"536,406.00 ","179,522.00 ","785,449.00 ","179,522.00 ","297,960.00 ","108,382.00 ","641,413.00 ","1,281,496.00 ",
2019/10/22,"548,951.00 ","182,779.00 ","761,207.00 ","182,779.00 ","301,270.00 ","105,432.00 ","679,103.00 ","1,330,828.00 ",
2019/10/29,"552,242.00 ","168,895.00 ","746,098.00 ","168,895.00 ","335,832.00 ","93,257.00 ","694,664.00 ","1,354,363.00 ",
2019/11/05,"565,026.00 ","158,886.00 ","738,893.00 ","158,886.00 ","361,724.00 ","84,359.00 ","659,460.00 ","1,330,423.00 ",
2019/11/12,"539,082.00 ","114,485.00 ","771,412.00 ","114,485.00 ","385,004.00 ","80,968.00 ","681,950.00 ","1,358,968.00 ",
2019/11/19,"541,420.00 ","111,445.00 ","739,984.00 ","111,445.00 ","388,452.00 ","85,228.00 ","740,143.00 ","1,404,307.00 ",
2019/11/26,"553,737.00 ","82,801.00 ","750,667.00 ","82,801.00 ","423,089.00 ","70,876.00 ","751,384.00 ","1,428,785.00 ",
2019/12/03,"531,120.00 ","103,085.00 ","769,453.00 ","103,085.00 ","401,035.00 ","74,884.00 ","723,097.00 ","1,359,178.00 ",
2019/12/10,"577,216.00 ","81,677.00 ","773,624.00 ","81,677.00 ","447,337.00 ","68,859.00 ","761,177.00 ","1,396,503.00 ",
2019/12/17,"612,113.00 ","75,736.00 ","731,664.00 ","75,736.00 ","478,208.00 ","65,292.00 ","856,768.00 ","1,508,489.00 ",
2019/12/24,"625,302.00 ","75,225.00 ","686,308.00 ","75,225.00 ","481,314.00 ","71,363.00 ","851,480.00 ","1,477,465.00 ",
2019/12/31,"626,848.00 ","71,991.00 ","708,342.00 ","71,991.00 ","495,176.00 ","77,887.00 ","770,895.00 ","1,373,698.00 ",
2020/01/07,"639,009.00 ","71,737.00 ","730,106.00 ","71,737.00 ","511,255.00 ","74,143.00 ","755,664.00 ","1,396,692.00 ",
2020/01/14,"610,444.00 ","80,132.00 ","687,440.00 ","80,132.00 ","501,286.00 ","70,671.00 ","762,435.00 ","1,381,721.00 ",
2020/01/21,"599,228.00 ","78,660.00 ","659,991.00 ","78,660.00 ","503,611.00 ","71,543.00 ","767,514.00 ","1,380,581.00 ",
2020/01/28,"588,255.00 ","126,493.00 ","677,261.00 ","126,493.00 ","481,479.00 ","83,719.00 ","809,712.00 ","1,408,697.00 ",
2020/02/04,"576,917.00 ","179,543.00 ","784,991.00 ","179,543.00 ","430,553.00 ","87,657.00 ","792,326.00 ","1,347,776.00 ",
2020/02/11,"577,155.00 ","180,386.00 ","777,032.00 ","180,386.00 ","385,125.00 ","110,941.00 ","871,161.00 ","1,394,718.00 ",
2020/02/18,"571,252.00 ","159,488.00 ","735,730.00 ","159,488.00 ","375,242.00 ","99,374.00 ","872,966.00 ","1,408,161.00 ",
2020/02/25,"558,798.00 ","127,332.00 ","779,654.00 ","127,332.00 ","393,439.00 ","108,599.00 ","865,186.00 ","1,403,875.00 ",
2020/03/03,"563,904.00 ","175,535.00 ","812,983.00 ","175,535.00 ","346,706.00 ","119,877.00 ","801,559.00 ","1,315,588.00 ",
2020/03/10,"587,567.00 ","200,170.00 ","813,833.00 ","200,170.00 ","291,899.00 ","147,151.00 ","812,147.00 ","1,261,142.00 ",
2020/03/17,"572,819.00 ","132,582.00 ","823,071.00 ","132,582.00 ","246,057.00 ","175,596.00 ","913,828.00 ","1,282,343.00 ",
2020/03/24,"578,366.00 ","142,353.00 ","804,091.00 ","142,353.00 ","207,469.00 ","150,611.00 ","983,413.00 ","1,325,106.00 ",
2020/03/31,"624,397.00 ","189,289.00 ","886,042.00 ","189,289.00 ","223,629.00 ","159,618.00 ","969,216.00 ","1,290,412.00 ",
2020/04/07,"655,771.00 ","170,876.00 ","885,811.00 ","170,876.00 ","244,283.00 ","137,851.00 ","992,138.00 ","1,324,597.00 ",
2020/04/14,"700,474.00 ","189,805.00 ","822,782.00 ","189,805.00 ","245,568.00 ","134,636.00 ","994,618.00 ","1,337,363.00 ",
2020/04/21,"736,248.00 ","149,068.00 ","783,684.00 ","149,068.00 ","246,312.00 ","107,421.00 ","1,043,997.00 ","1,368,777.00 ",
2020/04/28,"737,778.00 ","148,390.00 ","779,516.00 ","148,390.00 ","250,723.00 ","92,285.00 ","1,086,855.00 ","1,385,889.00 ",
2020/05/05,"722,912.00 ","192,300.00 ","829,802.00 ","192,300.00 ","269,882.00 ","74,614.00 ","1,024,898.00 ","1,380,261.00 ",
2020/05/12,"709,557.00 ","168,538.00 ","826,291.00 ","168,538.00 ","249,260.00 ","73,697.00 ","1,021,278.00 ","1,376,818.00 ",
2020/05/19,"692,017.00 ","148,414.00 ","748,156.00 ","148,414.00 ","250,372.00 ","71,074.00 ","1,008,747.00 ","1,369,589.00 ",
2020/05/26,"701,234.00 ","158,660.00 ","725,955.00 ","158,660.00 ","253,266.00 ","64,633.00 ","979,857.00 ","1,330,680.00 ",
2020/06/02,"729,172.00 ","160,842.00 ","712,466.00 ","160,842.00 ","259,221.00 ","68,482.00 ","981,876.00 ","1,283,131.00 ",
2020/06/09,"732,934.00 ","165,025.00 ","708,053.00 ","165,025.00 ","265,217.00 ","65,677.00 ","957,798.00 ","1,301,044.00 ",
2020/06/16,"706,483.00 ","160,211.00 ","681,426.00 ","160,211.00 ","265,370.00 ","61,310.00 ","1,025,721.00 ","1,359,640.00 ",
2020/06/23,"711,257.00 ","150,374.00 ","647,160.00 ","150,374.00 ","277,341.00 ","55,261.00 ","1,053,645.00 ","1,398,989.00 ",
2020/06/30,"704,393.00 ","160,567.00 ","638,159.00 ","160,567.00 ","272,685.00 ","50,912.00 ","1,090,586.00 ","1,417,510.00 ",
2020/07/07,"686,543.00 ","151,226.00 ","630,952.00 ","151,226.00 ","264,352.00 ","53,998.00 ","1,018,864.00 ","1,331,240.00 ",
2020/07/14,"692,258.00 ","152,507.00 ","662,645.00 ","152,507.00 ","275,203.00 ","58,001.00 ","1,024,585.00 ","1,323,158.00 ",
2020/07/21,"687,910.00 ","139,034.00 ","613,323.00 ","139,034.00 ","279,611.00 ","60,070.00 ","1,009,158.00 ","1,304,595.00 ",
2020/07/28,"676,822.00 ","144,253.00 ","639,196.00 ","144,253.00 ","271,303.00 ","76,036.00 ","989,288.00 ","1,234,376.00 ",
2020/08/04,"693,752.00 ","157,486.00 ","626,120.00 ","157,486.00 ","273,983.00 ","82,595.00 ","957,087.00 ","1,165,674.00 ",
2020/08/11,"682,827.00 ","161,892.00 ","652,925.00 ","161,892.00 ","282,607.00 ","74,609.00 ","971,879.00 ","1,185,576.00 ",
2020/08/18,"665,585.00 ","154,890.00 ","653,925.00 ","154,890.00 ","284,782.00 ","79,558.00 ","999,042.00 ","1,210,876.00 ",
2020/08/25,"671,889.00 ","171,190.00 ","639,675.00 ","171,190.00 ","288,390.00 ","85,227.00 ","999,773.00 ","1,219,477.00 ",
2020/09/01,"665,460.00 ","174,545.00 ","632,603.00 ","174,545.00 ","278,121.00 ","93,942.00 ","961,892.00 ","1,161,083.00 ",
2020/09/08,"637,225.00 ","187,859.00 ","636,687.00 ","187,859.00 ","243,430.00 ","132,036.00 ","1,021,974.00 ","1,148,790.00 ",
2020/09/15,"649,093.00 ","199,349.00 ","674,641.00 ","199,349.00 ","227,890.00 ","157,508.00 ","1,035,016.00 ","1,126,677.00 ",
2020/09/22,"647,934.00 ","175,165.00 ","625,246.00 ","175,165.00 ","228,888.00 ","134,838.00 ","1,002,592.00 ","1,109,591.00 ",
2020/09/29,"648,622.00 ","186,711.00 ","646,882.00 ","186,711.00 ","221,358.00 ","128,214.00 ","1,001,061.00 ","1,087,728.00 ",
2020/10/06,"657,787.00 ","186,251.00 ","670,668.00 ","186,251.00 ","215,385.00 ","134,094.00 ","988,115.00 ","1,083,402.00 ",
2020/10/13,"649,933.00 ","177,136.00 ","646,900.00 ","177,136.00 ","224,706.00 ","108,469.00 ","1,008,878.00 ","1,155,533.00 ",
2020/10/20,"664,697.00 ","174,349.00 ","613,378.00 ","174,349.00 ","241,883.00 ","104,383.00 ","979,842.00 ","1,166,285.00 ",
2020/10/27,"659,778.00 ","187,688.00 ","613,337.00 ","187,688.00 ","250,331.00 ","111,869.00 ","970,318.00 ","1,161,872.00 ",
2020/11/03,"639,145.00 ","196,685.00 ","632,058.00 ","196,685.00 ","222,329.00 ","133,751.00 ","1,004,642.00 ","1,113,185.00 ",
2020/11/10,"633,743.00 ","170,205.00 ","650,044.00 ","170,205.00 ","230,512.00 ","104,300.00 ","997,190.00 ","1,150,095.00 ",
2020/11/17,"638,245.00 ","157,434.00 ","660,992.00 ","157,434.00 ","262,893.00 ","87,495.00 ","955,943.00 ","1,132,361.00 ",
2020/11/24,"673,157.00 ","150,518.00 ","631,574.00 ","150,518.00 ","311,343.00 ","84,533.00 ","1,001,397.00 ","1,187,972.00 ",
2020/12/01,"677,347.00 ","160,182.00 ","646,931.00 ","160,182.00 ","311,210.00 ","64,934.00 ","930,804.00 ","1,130,850.00 ",
2020/12/08,"671,096.00 ","156,467.00 ","656,757.00 ","156,467.00 ","339,242.00 ","64,686.00 ","981,438.00 ","1,211,593.00 ",
2020/12/15,"664,557.00 ","150,753.00 ","689,753.00 ","150,753.00 ","348,051.00 ","62,300.00 ","972,341.00 ","1,250,025.00 ",
2020/12/21,"665,598.00 ","139,896.00 ","646,989.00 ","139,896.00 ",0.00 ,0.00 ,0.00 ,0.00 ,
2020/12/22,0.00 ,0.00 ,0.00 ,0.00 ,"341,158.00 ","57,942.00 ","990,515.00 ","1,268,990.00 ",
2020/12/29,"655,694.00 ","143,963.00 ","658,049.00 ","143,963.00 ","326,041.00 ","48,629.00 ","961,812.00 ","1,232,327.00 ",
2021/01/05,"684,132.00 ","165,483.00 ","666,425.00 ","165,483.00 ","347,969.00 ","59,179.00 ","950,702.00 ","1,252,006.00 ",
2021/01/12,"692,315.00 ","164,598.00 ","691,724.00 ","164,598.00 ","371,466.00 ","56,634.00 ","956,979.00 ","1,266,720.00 ",
2021/01/19,"664,833.00 ","156,249.00 ","691,131.00 ","156,249.00 ","367,934.00 ","58,573.00 ","1,011,405.00 ","1,338,051.00 ",
2021/01/26,"676,393.00 ","171,781.00 ","718,598.00 ","171,781.00 ","388,294.00 ","56,116.00 ","1,010,971.00 ","1,344,876.00 ",
2021/02/02,"675,461.00 ","176,287.00 ","775,736.00 ","176,287.00 ","388,341.00 ","49,049.00 ","950,590.00 ","1,306,531.00 ",
2021/02/09,"694,842.00 ","180,584.00 ","796,806.00 ","180,584.00 ","395,353.00 ","53,364.00 ","993,822.00 ","1,361,040.00 ",
2021/02/16,"697,095.00 ","182,382.00 ","844,358.00 ","182,382.00 ","404,755.00 ","59,937.00 ","1,027,811.00 ","1,423,427.00 ",
2021/02/23,"682,881.00 ","171,041.00 ","829,624.00 ","171,041.00 ","410,050.00 ","64,375.00 ","1,038,851.00 ","1,470,264.00 ",
2021/03/02,"688,229.00 ","169,210.00 ","813,268.00 ","169,210.00 ","408,423.00 ","64,070.00 ","1,009,946.00 ","1,437,856.00 ",
2021/03/09,"692,508.00 ","155,070.00 ","811,737.00 ","155,070.00 ","402,018.00 ","61,797.00 ","1,021,952.00 ","1,448,042.00 ",
2021/03/16,"680,508.00 ","155,066.00 ","825,944.00 ","155,066.00 ","407,429.00 ","72,999.00 ","1,070,477.00 ","1,479,064.00 ",
2021/03/23,"683,015.00 ","159,960.00 ","775,046.00 ","159,960.00 ","372,609.00 ","88,886.00 ","991,583.00 ","1,372,384.00 ",
2021/03/30,"671,158.00 ","139,848.00 ","762,929.00 ","139,848.00 ","375,800.00 ","84,555.00 ","992,424.00 ","1,352,631.00 ",
2021/04/06,"649,237.00 ","137,512.00 ","784,153.00 ","137,512.00 ","355,546.00 ","86,248.00 ","970,441.00 ","1,319,549.00 ",
2021/04/13,"643,807.00 ","151,129.00 ","805,801.00 ","151,129.00 ","369,057.00 ","78,566.00 ","1,001,843.00 ","1,378,133.00 ",
2021/04/20,"650,867.00 ","150,884.00 ","826,122.00 ","150,884.00 ","384,255.00 ","81,683.00 ","1,006,582.00 ","1,413,040.00 ",
2021/04/27,"650,300.00 ","160,589.00 ","835,304.00 ","160,589.00 ","381,858.00 ","88,136.00 ","963,291.00 ","1,353,971.00 ",
2021/05/04,"658,677.00 ","158,664.00 ","838,839.00 ","158,664.00 ","387,192.00 ","83,272.00 ","924,381.00 ","1,296,358.00 ",
2021/05/11,"650,118.00 ","153,557.00 ","859,810.00 ","153,557.00 ","375,932.00 ","91,037.00 ","961,360.00 ","1,310,834.00 ",
2021/05/18,"612,530.00 ","136,583.00 ","891,029.00 ","136,583.00 ","368,115.00 ","97,307.00 ","1,005,981.00 ","1,305,892.00 ",
2021/05/25,"625,568.00 ","150,078.00 ","847,843.00 ","150,078.00 ","350,503.00 ","103,346.00 ","998,440.00 ","1,280,241.00 ",
2021/06/01,"638,635.00 ","147,338.00 ","874,518.00 ","147,338.00 ","362,095.00 ","105,146.00 ","922,117.00 ","1,200,761.00 ",
2021/06/08,"657,352.00 ","146,853.00 ","862,588.00 ","146,853.00 ","376,909.00 ","98,675.00 ","936,002.00 ","1,234,221.00 ",
2021/06/15,"664,365.00 ","140,409.00 ","868,390.00 ","140,409.00 ","393,775.00 ","97,460.00 ","942,660.00 ","1,263,590.00 ",
2021/06/22,"669,980.00 ","143,819.00 ","759,883.00 ","143,819.00 ","393,072.00 ","102,910.00 ","939,150.00 ","1,262,440.00 ",
2021/06/29,"664,867.00 ","142,377.00 ","785,783.00 ","142,377.00 ","394,588.00 ","109,502.00 ","898,078.00 ","1,214,199.00 ",
2021/07/06,"640,068.00 ","142,717.00 ","822,892.00 ","142,717.00 ","390,574.00 ","108,443.00 ","886,436.00 ","1,201,868.00 ",
2021/07/13,"636,318.00 ","137,222.00 ","819,975.00 ","137,222.00 ","386,138.00 ","98,867.00 ","879,729.00 ","1,223,499.00 ",
2021/07/20,"593,046.00 ","144,306.00 ","747,511.00 ","144,306.00 ","349,680.00 ","96,641.00 ","858,820.00 ","1,214,896.00 ",
2021/07/27,"601,411.00 ","151,647.00 ","827,518.00 ","151,647.00 ","368,575.00 ","78,371.00 ","867,083.00 ","1,274,456.00 ",
2021/08/03,"583,470.00 ","152,943.00 ","818,264.00 ","152,943.00 ","367,879.00 ","73,649.00 ","776,235.00 ","1,192,436.00 ",
2021/08/10,"556,062.00 ","155,649.00 ","747,515.00 ","155,649.00 ","341,158.00 ","73,516.00 ","813,898.00 ","1,226,984.00 ",
2021/08/17,"538,862.00 ","134,539.00 ","712,347.00 ","134,539.00 ","323,297.00 ","78,196.00 ","853,439.00 ","1,252,713.00 ",
2021/08/24,"528,784.00 ","154,472.00 ","686,132.00 ","154,472.00 ","315,758.00 ","78,862.00 ","909,850.00 ","1,297,225.00 ",
2021/08/31,"515,630.00 ","159,102.00 ","720,006.00 ","159,102.00 ","330,889.00 ","65,708.00 ","868,685.00 ","1,279,791.00 ",
2021/09/07,"506,565.00 ","157,407.00 ","756,271.00 ","157,407.00 ","330,834.00 ","61,050.00 ","840,857.00 ","1,248,952.00 ",
2021/09/14,"512,626.00 ","157,562.00 ","778,938.00 ","157,562.00 ","343,424.00 ","58,207.00 ","849,385.00 ","1,258,830.00 ",
2021/09/21,"506,363.00 ","150,385.00 ","728,666.00 ","150,385.00 ","354,471.00 ","47,491.00 ","835,783.00 ","1,249,718.00 ",
2021/09/28,"527,523.00 ","153,709.00 ","738,761.00 ","153,709.00 ","366,428.00 ","59,202.00 ","811,346.00 ","1,216,170.00 ",
2021/10/05,"548,561.00 ","150,254.00 ","726,829.00 ","150,254.00 ","365,883.00 ","66,064.00 ","770,655.00 ","1,179,717.00 ",
2021/10/12,"564,001.00 ","159,225.00 ","721,614.00 ","159,225.00 ","348,378.00 ","74,331.00 ","793,242.00 ","1,170,587.00 ",
2021/10/19,"565,720.00 ","136,126.00 ","698,992.00 ","136,126.00 ","332,903.00 ","82,778.00 ","807,518.00 ","1,179,446.00 ",
2021/10/26,"550,171.00 ","126,453.00 ","694,591.00 ","126,453.00 ","320,358.00 ","79,461.00 ","839,796.00 ","1,184,235.00 ",
2021/11/02,"548,631.00 ","129,338.00 ","705,007.00 ","129,338.00 ","313,199.00 ","80,627.00 ","780,344.00 ","1,115,330.00 ",
2021/11/09,"552,579.00 ","131,267.00 ","705,286.00 ","131,267.00 ","308,002.00 ","85,869.00 ","831,491.00 ","1,165,884.00 ",
2021/11/16,"510,169.00 ","94,384.00 ","711,066.00 ","94,384.00 ","298,049.00 ","94,473.00 ","835,909.00 ","1,158,256.00 ",
2021/11/23,"510,586.00 ","102,929.00 ","713,989.00 ","102,929.00 ","290,698.00 ","97,208.00 ","835,761.00 ","1,170,095.00 ",
2021/11/30,"511,862.00 ","124,628.00 ","710,000.00 ","124,628.00 ","249,603.00 ","110,744.00 ","788,631.00 ","1,104,096.00 ",
2021/12/07,"492,585.00 ","125,353.00 ","724,626.00 ","125,353.00 ","239,794.00 ","106,226.00 ","779,881.00 ","1,083,376.00 ",
2021/12/14,"483,233.00 ","136,096.00 ","739,745.00 ","136,096.00 ","242,110.00 ","109,086.00 ","835,164.00 ","1,139,845.00 ",
2021/12/21,"478,276.00 ","138,021.00 ","740,195.00 ","138,021.00 ",0.00 ,0.00 ,0.00 ,0.00 ,
2021/12/28,"469,946.00 ","131,517.00 ","711,711.00 ","131,517.00 ","264,347.00 ","88,764.00 ","837,003.00 ","1,149,576.00 ",
2022/01/04,"462,594.00 ","129,769.00 ","718,728.00 ","129,769.00 ","277,644.00 ","81,228.00 ","778,968.00 ","1,111,820.00 ",
2022/01/11,"484,370.00 ","123,865.00 ","726,296.00 ","123,865.00 ","315,644.00 ","74,786.00 ","779,312.00 ","1,160,118.00 ",
2022/01/18,"503,178.00 ","117,397.00 ","759,825.00 ","117,397.00 ","318,461.00 ","76,003.00 ","819,758.00 ","1,198,692.00 ",
2022/01/25,"492,310.00 ","118,895.00 ","749,821.00 ","118,895.00 ","310,636.00 ","77,314.00 ","801,190.00 ","1,199,880.00 ",
2022/02/01,"487,606.00 ","118,702.00 ","719,202.00 ","118,702.00 ","297,075.00 ","84,928.00 ","753,109.00 ","1,125,096.00 ",
2022/02/08,"480,560.00 ","117,177.00 ","762,286.00 ","117,177.00 ","290,071.00 ","87,195.00 ","766,933.00 ","1,145,080.00 ",
2022/02/15,"458,819.00 ","110,726.00 ","767,338.00 ","110,726.00 ","285,676.00 ","81,840.00 ","835,390.00 ","1,215,471.00 ",
2022/02/22,"442,102.00 ","103,061.00 ","743,113.00 ","103,061.00 ","291,647.00 ","78,394.00 ","828,464.00 ","1,231,945.00 ",
2022/03/01,"465,365.00 ","96,702.00 ","729,585.00 ","96,702.00 ","295,536.00 ","66,379.00 ","723,380.00 ","1,136,147.00 ",
2022/03/08,"455,339.00 ","93,674.00 ","696,449.00 ","93,674.00 ","242,314.00 ","113,249.00 ","715,205.00 ","1,043,922.00 ",
2022/03/15,"444,601.00 ","102,786.00 ","700,410.00 ","102,786.00 ","239,584.00 ","98,559.00 ","701,077.00 ","1,027,374.00 ",
2022/03/22,"436,560.00 ","96,591.00 ","654,309.00 ","96,591.00 ","244,493.00 ","97,912.00 ","712,703.00 ","1,041,557.00 ",
2022/03/29,"420,097.00 ","101,366.00 ","654,965.00 ","101,366.00 ","241,641.00 ","100,120.00 ","670,917.00 ","980,122.00 ",
2022/04/05,"413,132.00 ","104,538.00 ","681,802.00 ","104,538.00 ","241,821.00 ","100,606.00 ","654,932.00 ","945,006.00 ",
2022/04/12,"411,978.00 ","107,200.00 ","688,852.00 ","107,200.00 ","236,915.00 ","96,598.00 ","670,689.00 ","966,816.00 ",
2022/04/19,"411,622.00 ","103,925.00 ","661,788.00 ","103,925.00 ","252,799.00 ","85,891.00 ","682,162.00 ","995,147.00 ",
2022/04/26,"413,638.00 ","97,575.00 ","635,548.00 ","97,575.00 ","230,232.00 ","80,011.00 ","698,954.00 ","1,013,331.00 ",
2022/05/03,"419,692.00 ","97,991.00 ","620,327.00 ","97,991.00 ","228,209.00 ","75,600.00 ","676,992.00 ","981,486.00 ",
2022/05/10,"415,170.00 ","104,367.00 ","614,716.00 ","104,367.00 ","228,409.00 ","73,877.00 ","673,711.00 ","968,826.00 ",
2022/05/17,"416,190.00 ","90,553.00 ","611,264.00 ","90,553.00 ","242,583.00 ","66,461.00 ","680,504.00 ","980,178.00 ",
2022/05/24,"422,541.00 ","87,780.00 ","584,496.00 ","87,780.00 ","251,704.00 ","61,563.00 ","700,237.00 ","993,188.00 ",
2022/05/31,"421,683.00 ","88,707.00 ","622,867.00 ","88,707.00 ","255,851.00 ","57,949.00 ","713,369.00 ","1,006,668.00 ",
2022/06/07,"423,882.00 ","95,626.00 ","622,320.00 ","95,626.00 ","266,482.00 ","52,789.00 ","671,768.00 ","975,204.00 ",
2022/06/14,"409,427.00 ","106,481.00 ","604,944.00 ","106,481.00 ","271,708.00 ","47,434.00 ","660,229.00 ","967,875.00 ",
2022/06/21,"388,496.00 ","98,994.00 ","594,860.00 ","98,994.00 ","246,258.00 ","47,929.00 ","665,753.00 ","963,355.00 ",
2022/06/28,"396,046.00 ","96,354.00 ","599,957.00 ","96,354.00 ","237,123.00 ","48,006.00 ","668,848.00 ","955,350.00 ",
2022/07/05,"394,943.00 ","114,420.00 ","601,996.00 ","114,420.00 ","206,564.00 ","65,072.00 ","682,337.00 ","913,770.00 ",
2022/07/12,"375,155.00 ","106,827.00 ","590,438.00 ","106,827.00 ","197,480.00 ","56,495.00 ","709,784.00 ","920,498.00 ",
2022/07/19,"374,677.00 ","103,586.00 ","580,330.00 ","103,586.00 ","207,690.00 ","56,738.00 ","737,408.00 ","963,418.00 ",
2022/07/26,"368,453.00 ","109,193.00 ","595,032.00 ","109,193.00 ","215,098.00 ","55,254.00 ","761,659.00 ","969,512.00 ",
2022/08/02,"361,810.00 ","108,058.00 ","616,741.00 ","108,058.00 ","217,624.00 ","63,301.00 ","666,961.00 ","880,130.00 ",
2022/08/09,"338,172.00 ","127,521.00 ","636,980.00 ","127,521.00 ","200,801.00 ","66,922.00 ","710,935.00 ","911,143.00 ",
2022/08/16,"346,865.00 ","131,925.00 ","638,971.00 ","131,925.00 ","197,668.00 ","76,522.00 ","768,205.00 ","948,995.00 ",
2022/08/23,"341,918.00 ","95,698.00 ","595,411.00 ","95,698.00 ","207,298.00 ","60,021.00 ","753,947.00 ","952,745.00 ",
2022/08/30,"332,415.00 ","103,226.00 ","588,601.00 ","103,226.00 ","225,716.00 ","62,331.00 ","700,571.00 ","915,732.00 ",
2022/09/06,"326,007.00 ","111,529.00 ","599,689.00 ","111,529.00 ","209,720.00 ","65,128.00 ","650,457.00 ","873,635.00 ",
2022/09/13,"340,716.00 ","113,659.00 ","600,618.00 ","113,659.00 ","205,552.00 ","58,150.00 ","655,657.00 ","882,394.00 ",
2022/09/20,"342,588.00 ","102,710.00 ","589,445.00 ","102,710.00 ","204,829.00 ","52,526.00 ","681,069.00 ","909,372.00 ",
2022/09/27,"333,933.00 ","107,853.00 ","598,428.00 ","107,853.00 ","200,092.00 ","56,352.00 ","700,038.00 ","920,875.00 ",
2022/10/04,"331,695.00 ","89,696.00 ","587,375.00 ","89,696.00 ","222,518.00 ","53,122.00 ","679,107.00 ","938,683.00 ",
2022/10/11,"345,258.00 ","86,038.00 ","584,609.00 ","86,038.00 ","230,450.00 ","48,005.00 ","702,132.00 ","980,275.00 ",
2022/10/18,"336,209.00 ","84,664.00 ","568,559.00 ","84,664.00 ","212,743.00 ","50,896.00 ","818,003.00 ","1,093,333.00 ",
2022/10/25,"335,340.00 ","86,261.00 ","566,297.00 ","86,261.00 ","240,628.00 ","47,908.00 ","799,762.00 ","1,103,307.00 ",
2022/11/01,"346,196.00 ","91,387.00 ","576,519.00 ","91,387.00 ","255,762.00 ","45,870.00 ","694,808.00 ","1,022,623.00 ",
2022/11/08,"368,585.00 ","93,795.00 ","551,749.00 ","93,795.00 ","265,498.00 ","46,792.00 ","689,585.00 ","1,009,894.00 ",
2022/11/15,"361,681.00 ","83,414.00 ","562,505.00 ","83,414.00 ","244,570.00 ","53,068.00 ","721,105.00 ","1,012,095.00 ",
2022/11/22,"320,640.00 ","68,165.00 ","508,179.00 ","68,165.00 ","199,790.00 ","76,545.00 ","751,191.00 ","974,285.00 ",
2022/11/29,"306,174.00 ","66,435.00 ","512,256.00 ","66,435.00 ","181,383.00 ","92,136.00 ","734,135.00 ","924,147.00 ",
2022/12/06,"330,159.00 ","98,439.00 ","520,086.00 ","98,439.00 ","177,932.00 ","91,226.00 ","674,123.00 ","850,267.00 ",
2022/12/13,"327,161.00 ","97,602.00 ","534,512.00 ","97,602.00 ","182,258.00 ","101,296.00 ","718,407.00 ","896,798.00 ",
2022/12/20,"326,195.00 ","88,004.00 ","496,161.00 ","88,004.00 ","186,696.00 ","93,364.00 ","746,935.00 ","936,249.00 ",
2022/12/27,"325,017.00 ","77,399.00 ","497,251.00 ","77,399.00 ","209,075.00 ","74,319.00 ","740,705.00 ","961,231.00 ",
2023/01/03,"323,546.00 ","95,939.00 ","527,773.00 ","95,939.00 ","224,375.00 ","72,822.00 ","679,638.00 ","917,775.00 ",
2023/01/10,"307,170.00 ","101,934.00 ","583,480.00 ","101,934.00 ","230,671.00 ","84,320.00 ","736,718.00 ","993,783.00 ",
2023/01/17,"319,541.00 ","80,323.00 ","599,472.00 ","80,323.00 ","259,796.00 ","56,560.00 ","811,599.00 ","1,104,360.00 ",
2023/01/24,"328,480.00 ","78,681.00 ","614,901.00 ","78,681.00 ","280,225.00 ","42,640.00 ","839,107.00 ","1,160,823.00 ",
2023/01/31,"335,074.00 ","91,254.00 ","629,204.00 ","91,254.00 ","283,214.00 ","32,024.00 ","847,926.00 ","1,177,642.00 ",
2023/02/07,"331,962.00 ","107,811.00 ","674,260.00 ","107,811.00 ",0.00 ,0.00 ,0.00 ,0.00 ,
2023/02/14,"335,241.00 ","107,700.00 ","712,599.00 ","107,700.00 ",0.00 ,0.00 ,0.00 ,0.00 ,
2023/02/21,"322,622.00 ","102,951.00 ","692,634.00 ","102,951.00 ","300,907.00 ","36,488.00 ","833,167.00 ","1,130,437.00 ",
2023/02/28,"327,155.00 ","111,841.00 ","688,223.00 ","111,841.00 ","308,046.00 ","28,131.00 ","820,030.00 ","1,140,697.00 ",
2023/03/07,"319,139.00 ","112,238.00 ","677,667.00 ","112,238.00 ","319,819.00 ","27,853.00 ","767,759.00 ","1,090,084.00 ",
2023/03/14,"302,527.00 ","126,308.00 ","695,298.00 ","126,308.00 ","272,442.00 ","46,758.00 ","810,780.00 ","1,094,861.00 ",
2023/03/21,"303,340.00 ","148,999.00 ","719,060.00 ","148,999.00 ","234,054.00 ","69,307.00 ","869,383.00 ","1,157,486.00 ",
2023/03/28,"289,653.00 ","108,584.00 ","680,208.00 ","108,584.00 ","236,467.00 ","72,206.00 ","882,563.00 ","1,168,244.00 ",
2023/04/04,"307,515.00 ","81,388.00 ","700,883.00 ","81,388.00 ","282,681.00 ","38,350.00 ","740,234.00 ","1,082,646.00 ",
2023/04/11,"309,997.00 ","74,365.00 ","700,591.00 ","74,365.00 ","282,189.00 ","36,225.00 ","769,174.00 ","1,110,321.00 ",
2023/04/18,"322,133.00 ","77,558.00 ","699,264.00 ","77,558.00 ","291,149.00 ","38,206.00 ","806,308.00 ","1,143,678.00 ",
2023/04/25,"323,831.00 ","87,393.00 ","674,209.00 ","87,393.00 ","253,385.00 ","52,043.00 ","885,321.00 ","1,163,377.00 ",
2023/05/02,"323,737.00 ","108,892.00 ","737,538.00 ","108,892.00 ","210,784.00 ","82,784.00 ","809,763.00 ","1,026,208.00 ",
2023/05/09,"338,155.00 ","121,527.00 ","753,894.00 ","121,527.00 ","213,763.00 ","114,262.00 ","798,088.00 ","1,033,992.00 ",
2023/05/16,"327,971.00 ","136,502.00 ","730,636.00 ","136,502.00 ","200,739.00 ","110,123.00 ","846,011.00 ","1,087,054.00 ",
2023/05/23,"317,600.00 ","124,481.00 ","705,745.00 ","124,481.00 ","225,167.00 ","99,910.00 ","875,550.00 ","1,130,197.00 ",
2023/05/30,"322,085.00 ","159,494.00 ","744,190.00 ","159,494.00 ","234,342.00 ","79,435.00 ","869,692.00 ","1,124,806.00 ",
2023/06/06,"339,318.00 ","166,876.00 ","769,312.00 ","166,876.00 ","253,484.00 ","77,204.00 ","854,716.00 ","1,128,936.00 ",
2023/06/13,"353,560.00 ","198,486.00 ","741,758.00 ","198,486.00 ","236,449.00 ","67,944.00 ","791,988.00 ","1,065,728.00 ",
2023/06/20,"341,074.00 ","174,597.00 ","718,413.00 ","174,597.00 ","249,743.00 ","64,668.00 ","790,253.00 ","1,077,048.00 ",
2023/06/27,"338,078.00 ","199,690.00 ","742,002.00 ","199,690.00 ","238,983.00 ","79,835.00 ","861,668.00 ","1,124,180.00 ",
2023/07/03,"316,998.00 ","175,569.00 ","737,228.00 ","175,569.00 ",0.00 ,0.00 ,0.00 ,0.00 ,
2023/07/04,0.00 ,0.00 ,0.00 ,0.00 ,"253,003.00 ","70,081.00 ","790,371.00 ","1,047,457.00 ",
2023/07/11,"339,297.00 ","165,864.00 ","700,019.00 ","165,864.00 ","275,205.00 ","45,615.00 ","786,488.00 ","1,073,674.00 ",
2023/07/18,"359,341.00 ","153,242.00 ","645,941.00 ","153,242.00 ","244,132.00 ","56,506.00 ","828,442.00 ","1,058,766.00 ",
2023/07/25,"350,507.00 ","125,311.00 ","642,195.00 ","125,311.00 ","248,901.00 ","60,829.00 ","832,173.00 ","1,066,012.00 ",
2023/08/01,"363,726.00 ","121,867.00 ","641,294.00 ","121,867.00 ","257,000.00 ","42,695.00 ","740,164.00 ","1,000,498.00 ",
2023/08/08,"378,987.00 ","123,059.00 ","630,960.00 ","123,059.00 ","264,013.00 ","49,302.00 ","742,614.00 ","1,005,630.00 ",
2023/08/15,"371,168.00 ","129,060.00 ","638,000.00 ","129,060.00 ","281,058.00 ","46,998.00 ","766,704.00 ","1,038,989.00 ",
2023/08/22,"362,484.00 ","128,113.00 ","603,247.00 ","128,113.00 ","274,260.00 ","52,573.00 ","824,440.00 ","1,057,909.00 ",
2023/08/29,"359,199.00 ","118,294.00 ","632,098.00 ","118,294.00 ","257,593.00 ","56,660.00 ","805,435.00 ","1,039,345.00 ",
2023/09/05,"400,472.00 ","101,150.00 ","597,611.00 ","101,150.00 ","272,860.00 ","49,143.00 ","809,419.00 ","1,063,957.00 ",
2023/09/12,"428,798.00 ","101,927.00 ","625,224.00 ","101,927.00 ","294,418.00 ","47,868.00 ","807,907.00 ","1,083,428.00 ",
2023/09/19,"442,288.00 ","113,862.00 ","586,355.00 ","113,862.00 ","299,443.00 ","36,141.00 ","832,163.00 ","1,105,369.00 ",
2023/09/26,"469,051.00 ","118,996.00 ","559,689.00 ","118,996.00 ","289,265.00 ","51,422.00 ","861,488.00 ","1,087,267.00 ",
2023/10/03,"461,207.00 ","111,647.00 ","581,172.00 ","111,647.00 ","275,030.00 ","57,782.00 ","801,267.00 ","1,012,921.00 ",
2023/10/10,"412,824.00 ","90,850.00 ","604,031.00 ","90,850.00 ","210,748.00 ","72,008.00 ","841,161.00 ","1,003,666.00 ",
2023/10/17,"388,843.00 ","82,455.00 ","573,174.00 ","82,455.00 ","250,531.00 ","45,220.00 ","819,369.00 ","1,045,160.00 ",
2023/10/24,"396,530.00 ","95,765.00 ","552,752.00 ","95,765.00 ","251,478.00 ","46,018.00 ","836,692.00 ","1,072,813.00 ",
2023/10/31,"383,782.00 ","121,524.00 ","589,413.00 ","121,524.00 ","242,528.00 ","45,501.00 ","869,756.00 ","1,119,725.00 ",
2023/11/07,"381,151.00 ","145,181.00 ","613,983.00 ","145,181.00 ","227,257.00 ","51,929.00 ","746,601.00 ","997,077.00 ",
2023/11/14,"364,379.00 ","148,645.00 ","613,239.00 ","148,645.00 ","222,952.00 ","51,023.00 ","712,495.00 ","992,307.00 ",
2023/11/21,"350,785.00 ","143,461.00 ","566,944.00 ","143,461.00 ","216,914.00 ","56,264.00 ","741,265.00 ","1,021,049.00 ",
2023/11/28,"352,382.00 ","169,211.00 ","563,152.00 ","169,211.00 ","214,061.00 ","49,317.00 ","732,843.00 ","1,011,781.00 ",
2023/12/05,"349,661.00 ","180,671.00 ","641,357.00 ","180,671.00 ","206,954.00 ","68,170.00 ","726,376.00 ","981,182.00 ",
2023/12/12,"345,985.00 ","194,386.00 ","665,322.00 ","194,386.00 ","192,588.00 ","103,913.00 ","783,329.00 ","997,868.00 ",
2023/12/19,"334,735.00 ","151,992.00 ","615,887.00 ","151,992.00 ","222,423.00 ","66,685.00 ","758,491.00 ","1,015,383.00 ",
2023/12/26,"340,839.00 ","141,555.00 ","612,350.00 ","141,555.00 ","253,742.00 ","54,054.00 ","736,996.00 ","1,023,119.00 ",
2024/01/02,"341,114.00 ","177,385.00 ","625,459.00 ","177,385.00 ","250,914.00 ","85,114.00 ","665,963.00 ","940,804.00 ",
2024/01/09,"330,308.00 ","160,626.00 ","640,427.00 ","160,626.00 ","282,118.00 ","75,616.00 ","691,041.00 ","994,010.00 ",
2024/01/16,"336,741.00 ","174,707.00 ","653,455.00 ","174,707.00 ","296,318.00 ","74,093.00 ","759,554.00 ","1,077,975.00 ",
2024/01/23,"330,919.00 ","146,901.00 ","662,311.00 ","146,901.00 ","288,104.00 ","81,159.00 ","759,460.00 ","1,056,158.00 ",
2024/01/30,"335,363.00 ","138,699.00 ","688,500.00 ","138,699.00 ","336,729.00 ","75,889.00 ","757,207.00 ","1,072,658.00 ",
2024/02/06,"303,774.00 ","141,936.00 ","729,646.00 ","141,936.00 ","309,145.00 ","72,401.00 ","749,165.00 ","1,062,074.00 ",
2024/02/13,"308,074.00 ","137,002.00 ","644,521.00 ","137,002.00 ","343,231.00 ","64,254.00 ","716,102.00 ","1,083,776.00 ",
2024/02/20,"323,548.00 ","131,647.00 ","623,393.00 ","131,647.00 ","343,596.00 ","68,855.00 ","728,032.00 ","1,075,086.00 ",
2024/02/27,"353,996.00 ","129,206.00 ","584,071.00 ","129,206.00 ","329,640.00 ","77,319.00 ","744,640.00 ","1,084,946.00 ",
2024/03/05,"342,161.00 ","103,649.00 ","555,705.00 ","103,649.00 ","310,599.00 ","80,204.00 ","744,456.00 ","1,069,080.00 ",
2024/03/12,"329,318.00 ","95,530.00 ","600,736.00 ","95,530.00 ","308,752.00 ","80,394.00 ","780,476.00 ","1,113,282.00 ",
2024/03/19,"366,016.00 ","88,259.00 ","568,958.00 ","88,259.00 ","359,103.00 ","72,571.00 ","770,611.00 ","1,171,206.00 ",
2024/03/26,"376,903.00 ","98,876.00 ","592,280.00 ","98,876.00 ","363,844.00 ","72,354.00 ","793,307.00 ","1,206,853.00 ",
2024/04/02,"392,328.00 ","91,431.00 ","577,082.00 ","91,431.00 ","374,408.00 ","71,121.00 ","718,890.00 ","1,127,228.00 ",
2024/04/09,"403,797.00 ","106,660.00 ","594,942.00 ","106,660.00 ","387,774.00 ","81,940.00 ","778,242.00 ","1,183,496.00 ",
2024/04/16,"411,987.00 ","121,525.00 ","601,207.00 ","121,525.00 ","408,036.00 ","81,472.00 ","880,685.00 ","1,286,044.00 ",
2024/04/23,"381,478.00 ","116,642.00 ","624,054.00 ","116,642.00 ","376,557.00 ","83,159.00 ","913,231.00 ","1,270,037.00 ",
2024/04/30,"392,782.00 ","127,321.00 ","640,379.00 ","127,321.00 ","385,894.00 ","75,202.00 ","835,585.00 ","1,195,532.00 ",
2024/05/07,"360,533.00 ","145,089.00 ","688,456.00 ","145,089.00 ","335,261.00 ","85,534.00 ","794,691.00 ","1,155,407.00 ",
2024/05/14,"330,395.00 ","127,352.00 ","690,868.00 ","127,352.00 ","290,716.00 ","87,479.00 ","824,325.00 ","1,132,650.00 ",
2024/05/21,"332,352.00 ","113,052.00 ","681,865.00 ","113,052.00 ","252,340.00 ","115,711.00 ","926,116.00 ","1,177,450.00 ",
2024/05/28,"344,619.00 ","100,693.00 ","698,055.00 ","100,693.00 ","249,262.00 ","108,061.00 ","974,511.00 ","1,228,477.00 ",
2024/06/04,"333,481.00 ","122,776.00 ","692,480.00 ","122,776.00 ","206,805.00 ","169,482.00 ","971,950.00 ","1,158,165.00 ",
2024/06/11,"318,183.00 ","84,699.00 ","671,546.00 ","84,699.00 ","199,551.00 ","130,839.00 ","986,267.00 ","1,202,235.00 ",
2024/06/18,"338,662.00 ","91,813.00 ","633,916.00 ","91,813.00 ","240,826.00 ","98,103.00 ","991,752.00 ","1,257,526.00 ",
2024/06/25,"361,099.00 ","89,854.00 ","597,559.00 ","89,854.00 ","251,083.00 ","96,147.00 ","977,287.00 ","1,215,200.00 ",
2024/07/02,"368,485.00 ","88,539.00 ","604,586.00 ","88,539.00 ","282,010.00 ","89,729.00 ","913,450.00 ","1,187,498.00 ",
2024/07/09,"369,229.00 ","85,335.00 ","613,841.00 ","85,335.00 ","292,113.00 ","94,725.00 ","870,611.00 ","1,148,399.00 ",
2024/07/16,"376,427.00 ","88,826.00 ","635,900.00 ","88,826.00 ","292,613.00 ","113,343.00 ","850,209.00 ","1,121,784.00 ",
2024/07/23,"355,611.00 ","79,613.00 ","654,310.00 ","79,613.00 ","263,567.00 ","119,807.00 ","950,646.00 ","1,215,903.00 ",
2024/07/30,"315,613.00 ","70,120.00 ","673,020.00 ","70,120.00 ","202,294.00 ","132,197.00 ","928,067.00 ","1,171,490.00 ",
2024/08/06,"305,742.00 ","83,400.00 ","711,141.00 ","83,400.00 ","164,409.00 ","150,480.00 ","878,836.00 ","1,116,226.00 ",
2024/08/13,"298,198.00 ","66,655.00 ","684,508.00 ","66,655.00 ","175,697.00 ","115,351.00 ","845,150.00 ","1,117,395.00 ",
2024/08/20,"294,896.00 ","72,608.00 ","664,359.00 ","72,608.00 ","176,725.00 ","124,322.00 ","845,396.00 ","1,102,943.00 ",
2024/08/27,"303,474.00 ","76,775.00 ","660,872.00 ","76,775.00 ","187,308.00 ","117,540.00 ","842,548.00 ","1,124,951.00 ",
2024/09/03,"292,388.00 ","115,353.00 ","682,831.00 ","115,353.00 ","177,701.00 ","152,799.00 ","822,458.00 ","1,108,057.00 ",
2024/09/10,"291,592.00 ","151,578.00 ","713,623.00 ","151,578.00 ","142,665.00 ","176,454.00 ","866,734.00 ","1,160,218.00 ",
2024/09/17,"270,552.00 ","125,224.00 ","750,362.00 ","125,224.00 ","130,981.00 ","157,641.00 ","854,934.00 ","1,155,611.00 ",
2024/09/24,"291,429.00 ","132,832.00 ","743,449.00 ","132,832.00 ","149,258.00 ","148,288.00 ","813,208.00 ","1,145,728.00 ",
2024/10/01,"294,894.00 ","135,286.00 ","722,963.00 ","135,286.00 ","158,445.00 ","136,180.00 ","804,916.00 ","1,147,859.00 ",
2024/10/08,"303,823.00 ","113,186.00 ","700,799.00 ","113,186.00 ","234,106.00 ","85,331.00 ","799,270.00 ","1,217,375.00 ",
2024/10/15,"284,023.00 ","99,620.00 ","687,682.00 ","99,620.00 ","213,471.00 ","92,628.00 ","812,936.00 ","1,201,431.00 ",
2024/10/22,"276,720.00 ","102,989.00 ","686,117.00 ","102,989.00 ","209,262.00 ","90,020.00 ","853,346.00 ","1,250,870.00 ",
2024/10/29,"284,996.00 ","133,119.00 ","739,720.00 ","133,119.00 ","196,921.00 ","99,834.00 ","873,539.00 ","1,250,001.00 ",
2024/11/05,"313,914.00 ","117,826.00 ","706,922.00 ","117,826.00 ","199,999.00 ","85,891.00 ","802,573.00 ","1,204,113.00 ",
2024/11/12,"313,504.00 ","126,598.00 ","727,026.00 ","126,598.00 ","217,057.00 ","117,297.00 ","851,007.00 ","1,236,372.00 ",
2024/11/19,"310,655.00 ","116,790.00 ","734,005.00 ","116,790.00 ","234,055.00 ","100,991.00 ","892,014.00 ","1,321,054.00 ",
2024/11/26,"314,518.00 ","114,111.00 ","708,808.00 ","114,111.00 ","230,420.00 ","95,888.00 ","861,086.00 ","1,282,939.00 ",
2024/12/03,"322,841.00 ","121,377.00 ","717,612.00 ","121,377.00 ","252,325.00 ","88,102.00 ","809,480.00 ","1,230,426.00 ",
2024/12/10,"316,216.00 ","126,104.00 ","725,970.00 ","126,104.00 ","258,731.00 ","89,003.00 ","802,421.00 ","1,222,002.00 ",
2024/12/17,"358,867.00 ","128,877.00 ","727,114.00 ","128,877.00 ","271,562.00 ","84,003.00 ","839,729.00 ","1,251,466.00 ",
2024/12/24,"374,050.00 ","127,023.00 ","720,545.00 ","127,023.00 ","257,778.00 ","97,932.00 ","877,077.00 ","1,242,575.00 ",
2024/12/31,"380,405.00 ","126,081.00 ","728,760.00 ","126,081.00 ","282,245.00 ","87,779.00 ","831,053.00 ","1,220,362.00 ",
2025/01/07,"411,623.00 ","132,056.00 ","734,563.00 ","132,056.00 ","324,765.00 ","86,968.00 ","841,259.00 ","1,263,945.00 ",
2025/01/14,"433,574.00 ","127,283.00 ","693,036.00 ","127,283.00 ","361,632.00 ","89,467.00 ","796,626.00 ","1,262,145.00 ",
2025/01/21,"419,398.00 ","120,551.00 ","675,134.00 ","120,551.00 ","367,101.00 ","87,483.00 ","864,973.00 ","1,325,750.00 ",
2025/01/28,"379,083.00 ","114,957.00 ","662,454.00 ","114,957.00 ","392,656.00 ","90,835.00 ","864,353.00 ","1,355,655.00 ",
2025/02/04,"350,584.00 ","120,271.00 ","649,455.00 ","120,271.00 ","372,185.00 ","86,963.00 ","778,712.00 ","1,264,893.00 ",
2025/02/11,"360,033.00 ","140,029.00 ","662,237.00 ","140,029.00 ","367,985.00 ","82,337.00 ","785,114.00 ","1,283,877.00 ",
2025/02/18,"331,841.00 ","134,247.00 ","679,607.00 ","134,247.00 ","353,631.00 ","91,945.00 ","859,635.00 ","1,333,672.00 ",
2025/02/25,"330,987.00 ","159,789.00 ","684,896.00 ","159,789.00 ","312,726.00 ","95,636.00 ","899,130.00 ","1,353,134.00 ",
2025/03/04,"305,908.00 ","151,067.00 ","722,278.00 ","151,067.00 ","274,204.00 ","118,959.00 ","850,219.00 ","1,274,070.00 ",
2025/03/11,"302,868.00 ","138,742.00 ","715,375.00 ","138,742.00 ","248,450.00 ","102,052.00 ","908,736.00 ","1,330,726.00 ",
2025/03/18,"316,473.00 ","149,650.00 ","702,875.00 ","149,650.00 ","285,552.00 ","90,848.00 ","921,483.00 ","1,328,239.00 ",
2025/03/25,"323,827.00 ","143,269.00 ","726,524.00 ","143,269.00 ","335,568.00 ","85,353.00 ","933,372.00 ","1,375,973.00 ",
2025/04/01,"326,705.00 ","159,020.00 ","744,725.00 ","159,020.00 ","395,683.00 ","82,955.00 ","918,327.00 ","1,377,870.00 ",
2025/04/08,"317,288.00 ","177,693.00 ","810,211.00 ","177,693.00 ","262,289.00 ","111,073.00 ","1,044,766.00 ","1,414,234.00 ",
2025/04/15,"311,402.00 ","165,032.00 ","766,976.00 ","165,032.00 ","211,379.00 ","123,321.00 ","1,077,059.00 ","1,399,153.00 ",
2025/04/22,"308,492.00 ","137,537.00 ","725,078.00 ","137,537.00 ","217,413.00 ","104,611.00 ","1,130,505.00 ","1,445,954.00 ",
2025/04/29,"317,166.00 ","139,957.00 ","741,648.00 ","139,957.00 ","208,177.00 ","101,455.00 ","1,156,385.00 ","1,468,045.00 ",
2025/05/06,"331,348.00 ","155,920.00 ","754,904.00 ","155,920.00 ","207,453.00 ","111,297.00 ","1,140,659.00 ","1,465,435.00 ",
2025/05/13,"325,023.00 ","139,722.00 ","792,294.00 ","139,722.00 ","253,950.00 ","108,577.00 ","1,102,412.00 ","1,442,917.00 ",
2025/05/20,"332,659.00 ","146,239.00 ","729,895.00 ","146,239.00 ","272,356.00 ","119,574.00 ","1,040,820.00 ","1,402,286.00 ",
2025/05/27,"322,611.00 ","156,917.00 ","754,023.00 ","156,917.00 ","283,055.00 ","135,224.00 ","1,056,236.00 ","1,410,854.00 ",
2025/06/03,"325,172.00 ","157,215.00 ","766,053.00 ","157,215.00 ","298,331.00 ","142,812.00 ","1,004,158.00 ","1,347,746.00 ",
2025/06/10,"331,261.00 ","139,320.00 ","784,001.00 ","139,320.00 ","316,762.00 ","134,322.00 ","1,075,376.00 ","1,435,691.00 ",
2025/06/17,"347,851.00 ","116,803.00 ","798,666.00 ","116,803.00 ","324,592.00 ","107,928.00 ","1,007,122.00 ","1,414,828.00 ",
2025/06/24,"357,654.00 ","124,685.00 ","754,319.00 ","124,685.00 ","317,404.00 ","126,897.00 ","1,000,014.00 ","1,389,599.00 ",
2025/07/01,"355,241.00 ","120,548.00 ","768,735.00 ","120,548.00 ","291,256.00 ","124,746.00 ","944,398.00 ","1,327,962.00 ",
2025/07/08,"333,138.00 ","123,764.00 ","791,461.00 ","123,764.00 ","331,815.00 ","113,983.00 ","959,576.00 ","1,381,694.00 ",
2025/07/15,"308,915.00 ","146,488.00 ","857,803.00 ","146,488.00 ","349,385.00 ","110,564.00 ","1,022,430.00 ","1,463,599.00 ",
2025/07/22,"308,963.00 ","155,632.00 ","855,128.00 ","155,632.00 ","335,685.00 ","108,440.00 ","998,840.00 ","1,458,164.00 ",
2025/07/29,"318,449.00 ","162,426.00 ","836,644.00 ","162,426.00 ","348,865.00 ","98,892.00 ","906,424.00 ","1,390,660.00 ",
2025/08/05,"310,559.00 ","168,730.00 ","830,714.00 ","168,730.00 ","325,181.00 ","94,767.00 ","868,198.00 ","1,321,422.00 ",
2025/08/12,"293,224.00 ","176,482.00 ","828,037.00 ","176,482.00 ","314,728.00 ","114,908.00 ","890,837.00 ","1,352,499.00 ",
,,,,,,,,,
,,,,,,,,,
,,,,,,,,,
,,,,,,,,,
,,,,,,,,,
,,,,,,,,,
,,,,,,,,,
,,,,,,,,,
,,,,,,,,,
,,,,,,,,,
,,,,,,,,,
,,,,,,,,,
,,,,,,,,,
,,,,,,,,,
,,,,,,,,,
,,,,,,,,,
,,,,,,,,,
,,,,,,,,,
,,,,,,,,,
,,,,,,,,,
,,,,,,,,,
,,,,,,,,,
,,,,,,,,,
,,,,,,,,,
,,,,,,,,,
,,,,,,,,,
,,,,,,,,,
,,,,,,,,,
,,,,,,,,,
,,,,,,,,,
,,,,,,,,,
,,,,,,,,,
,,,,,,,,,
,,,,,,,,,
,,,,,,,,,
,,,,,,,,,
,,,,,,,,,
,,,,,,,,,
,,,,,,,,,
,,,,,,,,,
,,,,,,,,,
,,,,,,,,,
,,,,,,,,,
,,,,,,,,,
,,,,,,,,,
,,,,,,,,,
,,,,,,,,,
,,,,,,,,,
,,,,,,,,,
,,,,,,,,,
,,,,,,,,,
,,,,,,,,,
,,,,,,,,,
,,,,,,,,,
,,,,,,,,,
,,,,,,,,,
,,,,,,,,,
,,,,,,,,,
,,,,,,,,,
,,,,,,,,,
,,,,,,,,,
,,,,,,,,,
,,,,,,,,,
,,,,,,,,,
,,,,,,,,,
,,,,,,,,,
,,,,,,,,,
,,,,,,,,,
,,,,,,,,,
,,,,,,,,,
,,,,,,,,,
,,,,,,,,,
,,,,,,,,,
,,,,,,,,,
,,,,,,,,,
,,,,,,,,,
,,,,,,,,,
,,,,,,,,,
,,,,,,,,,
,,,,,,,,,
,,,,,,,,,
,,,,,,,,,
,,,,,,,,,
,,,,,,,,,
,,,,,,,,,
,,,,,,,,,
,,,,,,,,,
,,,,,,,,,
,,,,,,,,,
,,,,,,,,,
,,,,,,,,,
,,,,,,,,,
,,,,,,,,,
,,,,,,,,,
,,,,,,,,,
,,,,,,,,,
,,,,,,,,,
,,,,,,,,,
,,,,,,,,,
,,,,,,,,,
,,,,,,,,,
,,,,,,,,,
,,,,,,,,,
,,,,,,,,,
,,,,,,,,,
,,,,,,,,,
,,,,,,,,,
,,,,,,,,,
,,,,,,,,,
,,,,,,,,,
,,,,,,,,,
,,,,,,,,,
,,,,,,,,,
,,,,,,,,,
,,,,,,,,,
,,,,,,,,,
,,,,,,,,,
,,,,,,,,,
,,,,,,,,,
,,,,,,,,,
,,,,,,,,,
,,,,,,,,,
,,,,,,,,,
,,,,,,,,,
,,,,,,,,,
,,,,,,,,,
,,,,,,,,,
,,,,,,,,,
,,,,,,,,,
,,,,,,,,,
,,,,,,,,,
,,,,,,,,,
,,,,,,,,,
,,,,,,,,,
,,,,,,,,,
,,,,,,,,,
,,,,,,,,,
,,,,,,,,,
,,,,,,,,,
,,,,,,,,,
,,,,,,,,,
,,,,,,,,,
,,,,,,,,,
,,,,,,,,,
,,,,,,,,,
,,,,,,,,,
,,,,,,,,,
,,,,,,,,,
,,,,,,,,,
,,,,,,,,,
,,,,,,,,,
,,,,,,,,,
,,,,,,,,,
,,,,,,,,,
,,,,,,,,,
,,,,,,,,,
,,,,,,,,,
,,,,,,,,,
,,,,,,,,,
,,,,,,,,,
,,,,,,,,,
,,,,,,,,,
,,,,,,,,,
,,,,,,,,,
,,,,,,,,,
,,,,,,,,,
,,,,,,,,,
,,,,,,,,,
,,,,,,,,,
,,,,,,,,,
,,,,,,,,,
,,,,,,,,,
,,,,,,,,,
,,,,,,,,,
,,,,,,,,,
,,,,,,,,,
,,,,,,,,,
,,,,,,,,,
,,,,,,,,,
,,,,,,,,,
,,,,,,,,,
,,,,,,,,,
,,,,,,,,,
,,,,,,,,,
,,,,,,,,,
,,,,,,,,,
,,,,,,,,,
,,,,,,,,,
,,,,,,,,,
,,,,,,,,,
,,,,,,,,,
,,,,,,,,,
,,,,,,,,,
,,,,,,,,,
,,,,,,,,,
,,,,,,,,,
,,,,,,,,,
,,,,,,,,,
,,,,,,,,,
,,,,,,,,,
,,,,,,,,,
,,,,,,,,,
,,,,,,,,,
,,,,,,,,,
,,,,,,,,,
,,,,,,,,,
,,,,,,,,,
,,,,,,,,,
,,,,,,,,,
,,,,,,,,,
,,,,,,,,,
,,,,,,,,,
,,,,,,,,,
,,,,,,,,,
,,,,,,,,,
,,,,,,,,,
,,,,,,,,,
,,,,,,,,,
,,,,,,,,,
,,,,,,,,,
,,,,,,,,,
,,,,,,,,,
,,,,,,,,,
,,,,,,,,,
,,,,,,,,,
,,,,,,,,,
,,,,,,,,,
,,,,,,,,,
,,,,,,,,,
,,,,,,,,,
,,,,,,,,,
,,,,,,,,,
,,,,,,,,,
,,,,,,,,,
,,,,,,,,,
,,,,,,,,,
,,,,,,,,,
,,,,,,,,,
,,,,,,,,,
,,,,,,,,,
,,,,,,,,,
,,,,,,,,,
,,,,,,,,,
,,,,,,,,,
,,,,,,,,,
,,,,,,,,,
,,,,,,,,,
,,,,,,,,,
,,,,,,,,,
,,,,,,,,,
,,,,,,,,,
,,,,,,,,,
,,,,,,,,,
,,,,,,,,,
,,,,,,,,,
,,,,,,,,,
,,,,,,,,,
,,,,,,,,,
,,,,,,,,,
,,,,,,,,,
,,,,,,,,,
,,,,,,,,,
,,,,,,,,,
,,,,,,,,,
,,,,,,,,,
,,,,,,,,,
,,,,,,,,,
,,,,,,,,,
,,,,,,,,,
,,,,,,,,,
,,,,,,,,,
,,,,,,,,,
,,,,,,,,,
,,,,,,,,,
,,,,,,,,,
,,,,,,,,,
,,,,,,,,,
,,,,,,,,,
,,,,,,,,,
,,,,,,,,,
,,,,,,,,,
,,,,,,,,,
,,,,,,,,,
,,,,,,,,,
,,,,,,,,,
,,,,,,,,,
,,,,,,,,,
,,,,,,,,,
,,,,,,,,,
,,,,,,,,,
,,,,,,,,,
,,,,,,,,,
,,,,,,,,,
,,,,,,,,,
,,,,,,,,,
,,,,,,,,,
,,,,,,,,,
,,,,,,,,,
,,,,,,,,,
,,,,,,,,,
,,,,,,,,,
,,,,,,,,,
,,,,,,,,,
,,,,,,,,,
,,,,,,,,,
,,,,,,,,,
,,,,,,,,,
,,,,,,,,,
,,,,,,,,,
,,,,,,,,,
,,,,,,,,,
,,,,,,,,,
,,,,,,,,,
,,,,,,,,,
,,,,,,,,,
,,,,,,,,,
,,,,,,,,,
,,,,,,,,,
,,,,,,,,,
,,,,,,,,,
,,,,,,,,,
,,,,,,,,,
,,,,,,,,,
,,,,,,,,,
,,,,,,,,,
,,,,,,,,,
,,,,,,,,,
,,,,,,,,,
,,,,,,,,,
,,,,,,,,,
,,,,,,,,,
,,,,,,,,,
,,,,,,,,,
,,,,,,,,,
,,,,,,,,,
,,,,,,,,,
,,,,,,,,,
,,,,,,,,,
,,,,,,,,,
,,,,,,,,,
,,,,,,,,,
,,,,,,,,,
,,,,,,,,,
,,,,,,,,,
,,,,,,,,,
,,,,,,,,,
,,,,,,,,,
,,,,,,,,,
,,,,,,,,,
,,,,,,,,,
,,,,,,,,,
,,,,,,,,,
,,,,,,,,,
,,,,,,,,,
,,,,,,,,,
,,,,,,,,,
,,,,,,,,,
,,,,,,,,,
,,,,,,,,,
,,,,,,,,,
,,,,,,,,,
,,,,,,,,,
,,,,,,,,,
,,,,,,,,,
,,,,,,,,,
,,,,,,,,,
,,,,,,,,,
,,,,,,,,,
,,,,,,,,,
,,,,,,,,,
,,,,,,,,,
,,,,,,,,,
,,,,,,,,,
,,,,,,,,,
,,,,,,,,,
,,,,,,,,,
,,,,,,,,,
,,,,,,,,,
,,,,,,,,,
,,,,,,,,,
,,,,,,,,,
,,,,,,,,,
,,,,,,,,,
,,,,,,,,,
,,,,,,,,,
,,,,,,,,,
,,,,,,,,,
,,,,,,,,,
,,,,,,,,,
,,,,,,,,,
,,,,,,,,,
,,,,,,,,,
,,,,,,,,,
,,,,,,,,,
,,,,,,,,,
,,,,,,,,,
,,,,,,,,,
,,,,,,,,,
,,,,,,,,,
,,,,,,,,,
,,,,,,,,,
,,,,,,,,,
,,,,,,,,,
,,,,,,,,,
,,,,,,,,,
,,,,,,,,,
,,,,,,,,,
,,,,,,,,,
,,,,,,,,,
,,,,,,,,,
,,,,,,,,,
,,,,,,,,,
,,,,,,,,,
,,,,,,,,,
,,,,,,,,,
,,,,,,,,,
,,,,,,,,,
,,,,,,,,,
,,,,,,,,,
,,,,,,,,,
,,,,,,,,,
,,,,,,,,,
,,,,,,,,,
,,,,,,,,,
,,,,,,,,,
,,,,,,,,,
,,,,,,,,,
,,,,,,,,,
,,,,,,,,,
,,,,,,,,,
,,,,,,,,,
,,,,,,,,,
,,,,,,,,,
,,,,,,,,,
,,,,,,,,,
,,,,,,,,,
,,,,,,,,,
,,,,,,,,,
,,,,,,,,,
,,,,,,,,,
,,,,,,,,,
,,,,,,,,,
,,,,,,,,,
,,,,,,,,,
,,,,,,,,,
,,,,,,,,,
,,,,,,,,,
,,,,,,,,,
,,,,,,,,,
,,,,,,,,,
,,,,,,,,,
,,,,,,,,,
,,,,,,,,,
,,,,,,,,,
,,,,,,,,,
,,,,,,,,,
,,,,,,,,,
,,,,,,,,,
,,,,,,,,,
,,,,,,,,,
,,,,,,,,,
,,,,,,,,,
,,,,,,,,,
,,,,,,,,,
,,,,,,,,,
,,,,,,,,,
,,,,,,,,,
,,,,,,,,,
,,,,,,,,,
,,,,,,,,,
,,,,,,,,,
,,,,,,,,,
,,,,,,,,,
,,,,,,,,,
,,,,,,,,,
,,,,,,,,,
,,,,,,,,,
,,,,,,,,,
,,,,,,,,,
,,,,,,,,,
,,,,,,,,,
,,,,,,,,,
,,,,,,,,,
,,,,,,,,,
,,,,,,,,,
,,,,,,,,,
,,,,,,,,,
,,,,,,,,,
,,,,,,,,,
,,,,,,,,,
,,,,,,,,,
,,,,,,,,,
,,,,,,,,,
,,,,,,,,,
,,,,,,,,,
,,,,,,,,,
,,,,,,,,,
,,,,,,,,,
,,,,,,,,,
,,,,,,,,,
,,,,,,,,,
,,,,,,,,,
,,,,,,,,,
,,,,,,,,,
,,,,,,,,,
,,,,,,,,,
,,,,,,,,,
,,,,,,,,,
,,,,,,,,,
,,,,,,,,,
,,,,,,,,,
,,,,,,,,,
,,,,,,,,,
,,,,,,,,,
,,,,,,,,,
,,,,,,,,,
,,,,,,,,,
,,,,,,,,,
,,,,,,,,,
,,,,,,,,,
,,,,,,,,,
,,,,,,,,,
,,,,,,,,,
,,,,,,,,,
,,,,,,,,,
,,,,,,,,,
,,,,,,,,,
,,,,,,,,,
,,,,,,,,,
,,,,,,,,,
,,,,,,,,,
,,,,,,,,,
,,,,,,,,,
,,,,,,,,,
,,,,,,,,,
,,,,,,,,,
,,,,,,,,,
,,,,,,,,,
,,,,,,,,,
,,,,,,,,,
,,,,,,,,,
,,,,,,,,,
,,,,,,,,,
,,,,,,,,,
,,,,,,,,,
,,,,,,,,,
,,,,,,,,,
,,,,,,,,,
,,,,,,,,,
,,,,,,,,,
,,,,,,,,,
,,,,,,,,,
,,,,,,,,,
,,,,,,,,,
,,,,,,,,,
,,,,,,,,,
,,,,,,,,,
,,,,,,,,,
,,,,,,,,,
,,,,,,,,,
,,,,,,,,,
,,,,,,,,,
,,,,,,,,,
,,,,,,,,,
,,,,,,,,,
,,,,,,,,,
,,,,,,,,,
,,,,,,,,,
,,,,,,,,,
,,,,,,,,,
,,,,,,,,,
,,,,,,,,,
,,,,,,,,,
,,,,,,,,,
,,,,,,,,,
,,,,,,,,,
,,,,,,,,,
,,,,,,,,,
,,,,,,,,,
,,,,,,,,,
,,,,,,,,,
,,,,,,,,,
,,,,,,,,,
,,,,,,,,,
,,,,,,,,,
,,,,,,,,,
,,,,,,,,,
,,,,,,,,,
,,,,,,,,,
,,,,,,,,,
,,,,,,,,,
,,,,,,,,,
,,,,,,,,,
,,,,,,,,,
,,,,,,,,,
,,,,,,,,,
,,,,,,,,,
,,,,,,,,,
,,,,,,,,,
,,,,,,,,,
,,,,,,,,,
,,,,,,,,,
,,,,,,,,,
,,,,,,,,,
,,,,,,,,,
,,,,,,,,,
,,,,,,,,,
,,,,,,,,,
,,,,,,,,,
,,,,,,,,,
,,,,,,,,,
,,,,,,,,,
,,,,,,,,,
,,,,,,,,,
,,,,,,,,,
,,,,,,,,,
,,,,,,,,,
,,,,,,,,,
,,,,,,,,,
,,,,,,,,,
,,,,,,,,,
,,,,,,,,,
,,,,,,,,,
,,,,,,,,,
,,,,,,,,,
,,,,,,,,,
,,,,,,,,,
,,,,,,,,,
,,,,,,,,,
,,,,,,,,,
,,,,,,,,,
,,,,,,,,,
,,,,,,,,,
,,,,,,,,,
,,,,,,,,,
,,,,,,,,,
,,,,,,,,,
,,,,,,,,,
,,,,,,,,,
,,,,,,,,,
,,,,,,,,,
,,,,,,,,,
,,,,,,,,,
,,,,,,,,,
,,,,,,,,,
,,,,,,,,,
,,,,,,,,,
,,,,,,,,,
,,,,,,,,,
,,,,,,,,,
,,,,,,,,,
,,,,,,,,,
,,,,,,,,,
,,,,,,,,,
,,,,,,,,,
,,,,,,,,,
,,,,,,,,,
,,,,,,,,,
,,,,,,,,,
,,,,,,,,,
,,,,,,,,,
,,,,,,,,,
,,,,,,,,,
,,,,,,,,,
,,,,,,,,,
,,,,,,,,,
,,,,,,,,,
,,,,,,,,,
,,,,,,,,,
,,,,,,,,,
,,,,,,,,,
,,,,,,,,,
,,,,,,,,,
,,,,,,,,,
,,,,,,,,,
,,,,,,,,,
,,,,,,,,,
,,,,,,,,,
,,,,,,,,,
,,,,,,,,,
,,,,,,,,,
,,,,,,,,,
,,,,,,,,,
,,,,,,,,,
,,,,,,,,,
,,,,,,,,,
,,,,,,,,,
,,,,,,,,,
,,,,,,,,,
,,,,,,,,,
,,,,,,,,,
,,,,,,,,,
,,,,,,,,,
,,,,,,,,,
,,,,,,,,,
,,,,,,,,,
,,,,,,,,,
,,,,,,,,,
,,,,,,,,,
,,,,,,,,,
,,,,,,,,,
,,,,,,,,,
,,,,,,,,,
,,,,,,,,,
,,,,,,,,,
,,,,,,,,,
,,,,,,,,,
,,,,,,,,,
,,,,,,,,,
,,,,,,,,,
,,,,,,,,,
,,,,,,,,,
,,,,,,,,,
,,,,,,,,,
,,,,,,,,,
,,,,,,,,,
,,,,,,,,,
,,,,,,,,,
,,,,,,,,,
,,,,,,,,,
,,,,,,,,,
,,,,,,,,,
,,,,,,,,,
,,,,,,,,,
,,,,,,,,,
,,,,,,,,,
,,,,,,,,,
,,,,,,,,,
,,,,,,,,,
,,,,,,,,,
,,,,,,,,,
,,,,,,,,,
,,,,,,,,,
,,,,,,,,,
,,,,,,,,,
,,,,,,,,,
,,,,,,,,,
,,,,,,,,,
,,,,,,,,,
,,,,,,,,,
,,,,,,,,,
,,,,,,,,,
,,,,,,,,,
,,,,,,,,,
,,,,,,,,,
,,,,,,,,,
,,,,,,,,,
,,,,,,,,,
,,,,,,,,,
,,,,,,,,,
,,,,,,,,,
,,,,,,,,,
,,,,,,,,,
,,,,,,,,,
,,,,,,,,,
,,,,,,,,,
,,,,,,,,,
,,,,,,,,,
,,,,,,,,,
,,,,,,,,,
,,,,,,,,,
,,,,,,,,,
,,,,,,,,,
,,,,,,,,,
,,,,,,,,,
,,,,,,,,,
,,,,,,,,,
,,,,,,,,,
,,,,,,,,,
,,,,,,,,,
,,,,,,,,,
,,,,,,,,,
,,,,,,,,,
,,,,,,,,,
,,,,,,,,,
,,,,,,,,,
,,,,,,,,,
,,,,,,,,,
,,,,,,,,,
,,,,,,,,,
,,,,,,,,,
,,,,,,,,,
,,,,,,,,,
,,,,,,,,,
,,,,,,,,,
,,,,,,,,,
,,,,,,,,,
,,,,,,,,,
,,,,,,,,,
,,,,,,,,,
,,,,,,,,,
,,,,,,,,,
,,,,,,,,,
,,,,,,,,,
,,,,,,,,,
,,,,,,,,,
,,,,,,,,,
,,,,,,,,,
,,,,,,,,,
,,,,,,,,,
,,,,,,,,,
,,,,,,,,,
,,,,,,,,,
,,,,,,,,,
,,,,,,,,,
,,,,,,,,,
,,,,,,,,,
,,,,,,,,,
,,,,,,,,,
,,,,,,,,,
,,,,,,,,,
,,,,,,,,,
,,,,,,,,,
,,,,,,,,,
,,,,,,,,,
,,,,,,,,,
,,,,,,,,,
,,,,,,,,,
,,,,,,,,,
,,,,,,,,,
,,,,,,,,,
,,,,,,,,,
,,,,,,,,,
,,,,,,,,,
,,,,,,,,,
,,,,,,,,,
,,,,,,,,,
,,,,,,,,,
,,,,,,,,,
,,,,,,,,,
,,,,,,,,,
,,,,,,,,,
,,,,,,,,,
,,,,,,,,,
,,,,,,,,,
,,,,,,,,,
,,,,,,,,,
,,,,,,,,,
,,,,,,,,,
,,,,,,,,,
,,,,,,,,,
,,,,,,,,,
,,,,,,,,,
,,,,,,,,,
,,,,,,,,,
,,,,,,,,,
,,,,,,,,,
,,,,,,,,,
,,,,,,,,,
,,,,,,,,,
,,,,,,,,,
,,,,,,,,,
,,,,,,,,,
,,,,,,,,,
,,,,,,,,,
,,,,,,,,,
,,,,,,,,,
,,,,,,,,,
,,,,,,,,,
,,,,,,,,,
,,,,,,,,,
,,,,,,,,,
,,,,,,,,,
,,,,,,,,,
,,,,,,,,,
,,,,,,,,,
,,,,,,,,,
,,,,,,,,,
,,,,,,,,,
,,,,,,,,,
,,,,,,,,,
,,,,,,,,,
,,,,,,,,,
,,,,,,,,,
,,,,,,,,,
,,,,,,,,,
,,,,,,,,,
,,,,,,,,,
,,,,,,,,,
,,,,,,,,,
,,,,,,,,,
,,,,,,,,,
,,,,,,,,,
,,,,,,,,,
,,,,,,,,,
,,,,,,,,,
,,,,,,,,,
,,,,,,,,,
,,,,,,,,,
,,,,,,,,,
,,,,,,,,,
,,,,,,,,,
,,,,,,,,,
,,,,,,,,,
,,,,,,,,,
,,,,,,,,,
,,,,,,,,,
,,,,,,,,,
,,,,,,,,,
,,,,,,,,,
,,,,,,,,,
,,,,,,,,,
,,,,,,,,,
,,,,,,,,,
,,,,,,,,,
,,,,,,,,,
,,,,,,,,,
,,,,,,,,,
,,,,,,,,,
,,,,,,,,,
,,,,,,,,,
,,,,,,,,,
,,,,,,,,,
,,,,,,,,,
,,,,,,,,,
,,,,,,,,,
,,,,,,,,,
,,,,,,,,,
,,,,,,,,,
,,,,,,,,,
,,,,,,,,,
,,,,,,,,,
,,,,,,,,,
,,,,,,,,,
,,,,,,,,,
,,,,,,,,,
,,,,,,,,,
,,,,,,,,,
,,,,,,,,,
,,,,,,,,,
,,,,,,,,,
,,,,,,,,,
,,,,,,,,,
,,,,,,,,,
,,,,,,,,,
,,,,,,,,,
,,,,,,,,,
,,,,,,,,,
,,,,,,,,,
,,,,,,,,,
,,,,,,,,,
,,,,,,,,,
,,,,,,,,,
,,,,,,,,,
,,,,,,,,,
,,,,,,,,,
,,,,,,,,,
,,,,,,,,,
,,,,,,,,,
,,,,,,,,,
,,,,,,,,,
,,,,,,,,,
,,,,,,,,,
,,,,,,,,,
,,,,,,,,,
,,,,,,,,,
,,,,,,,,,
,,,,,,,,,
,,,,,,,,,
,,,,,,,,,
,,,,,,,,,
,,,,,,,,,
,,,,,,,,,
,,,,,,,,,
,,,,,,,,,
,,,,,,,,,
,,,,,,,,,
,,,,,,,,,
,,,,,,,,,
,,,,,,,,,
,,,,,,,,,
,,,,,,,,,
,,,,,,,,,
,,,,,,,,,
,,,,,,,,,
,,,,,,,,,
,,,,,,,,,
,,,,,,,,,
,,,,,,,,,
,,,,,,,,,
,,,,,,,,,
,,,,,,,,,
,,,,,,,,,
,,,,,,,,,
,,,,,,,,,
,,,,,,,,,
,,,,,,,,,
,,,,,,,,,
,,,,,,,,,
,,,,,,,,,
,,,,,,,,,
,,,,,,,,,
,,,,,,,,,
,,,,,,,,,
,,,,,,,,,
,,,,,,,,,
,,,,,,,,,
,,,,,,,,,
,,,,,,,,,
,,,,,,,,,
,,,,,,,,,
,,,,,,,,,
,,,,,,,,,
,,,,,,,,,
,,,,,,,,,
,,,,,,,,,
,,,,,,,,,
,,,,,,,,,
,,,,,,,,,
,,,,,,,,,
,,,,,,,,,
,,,,,,,,,
,,,,,,,,,
,,,,,,,,,
,,,,,,,,,
,,,,,,,,,
,,,,,,,,,
,,,,,,,,,
,,,,,,,,,
,,,,,,,,,
,,,,,,,,,
,,,,,,,,,
,,,,,,,,,
,,,,,,,,,
,,,,,,,,,
,,,,,,,,,
,,,,,,,,,
,,,,,,,,,
,,,,,,,,,
,,,,,,,,,
,,,,,,,,,
,,,,,,,,,
,,,,,,,,,
,,,,,,,,,
,,,,,,,,,
,,,,,,,,,
,,,,,,,,,
,,,,,,,,,
,,,,,,,,,
,,,,,,,,,
,,,,,,,,,
,,,,,,,,,
,,,,,,,,,
,,,,,,,,,
,,,,,,,,,
,,,,,,,,,
,,,,,,,,,
,,,,,,,,,
,,,,,,,,,
,,,,,,,,,
,,,,,,,,,
,,,,,,,,,
,,,,,,,,,
,,,,,,,,,
,,,,,,,,,
,,,,,,,,,
,,,,,,,,,
,,,,,,,,,
,,,,,,,,,
,,,,,,,,,
,,,,,,,,,
,,,,,,,,,
,,,,,,,,,
,,,,,,,,,
,,,,,,,,,
,,,,,,,,,
,,,,,,,,,
,,,,,,,,,
,,,,,,,,,
,,,,,,,,,
,,,,,,,,,
,,,,,,,,,
,,,,,,,,,
,,,,,,,,,
,,,,,,,,,
,,,,,,,,,
,,,,,,,,,
,,,,,,,,,
,,,,,,,,,
,,,,,,,,,
,,,,,,,,,
,,,,,,,,,
,,,,,,,,,
,,,,,,,,,
,,,,,,,,,
,,,,,,,,,
,,,,,,,,,
,,,,,,,,,
,,,,,,,,,
,,,,,,,,,
,,,,,,,,,
,,,,,,,,,
,,,,,,,,,
,,,,,,,,,
,,,,,,,,,
,,,,,,,,,
,,,,,,,,,
,,,,,,,,,
,,,,,,,,,
,,,,,,,,,
,,,,,,,,,
,,,,,,,,,
,,,,,,,,,
,,,,,,,,,
,,,,,,,,,
,,,,,,,,,
,,,,,,,,,
,,,,,,,,,
,,,,,,,,,
,,,,,,,,,
,,,,,,,,,
,,,,,,,,,
,,,,,,,,,
,,,,,,,,,
,,,,,,,,,
,,,,,,,,,
,,,,,,,,,
,,,,,,,,,
,,,,,,,,,
,,,,,,,,,
,,,,,,,,,
,,,,,,,,,
,,,,,,,,,
,,,,,,,,,
,,,,,,,,,
,,,,,,,,,
,,,,,,,,,
,,,,,,,,,
,,,,,,,,,
,,,,,,,,,
,,,,,,,,,
,,,,,,,,,
,,,,,,,,,
,,,,,,,,,
,,,,,,,,,
,,,,,,,,,
,,,,,,,,,
,,,,,,,,,
,,,,,,,,,
,,,,,,,,,
,,,,,,,,,
,,,,,,,,,
,,,,,,,,,
,,,,,,,,,
,,,,,,,,,
,,,,,,,,,
,,,,,,,,,
,,,,,,,,,
,,,,,,,,,
,,,,,,,,,
,,,,,,,,,
,,,,,,,,,
,,,,,,,,,
,,,,,,,,,
,,,,,,,,,
,,,,,,,,,
,,,,,,,,,
,,,,,,,,,
,,,,,,,,,
,,,,,,,,,
,,,,,,,,,
,,,,,,,,,
,,,,,,,,,
,,,,,,,,,
,,,,,,,,,
,,,,,,,,,
,,,,,,,,,
,,,,,,,,,
,,,,,,,,,
,,,,,,,,,
,,,,,,,,,
,,,,,,,,,
,,,,,,,,,
,,,,,,,,,
,,,,,,,,,
,,,,,,,,,
,,,,,,,,,
,,,,,,,,,
,,,,,,,,,
,,,,,,,,,
,,,,,,,,,
,,,,,,,,,
,,,,,,,,,
,,,,,,,,,
,,,,,,,,,
,,,,,,,,,
,,,,,,,,,
,,,,,,,,,
,,,,,,,,,
,,,,,,,,,
,,,,,,,,,
,,,,,,,,,
,,,,,,,,,
,,,,,,,,,
,,,,,,,,,
,,,,,,,,,
,,,,,,,,,
,,,,,,,,,
,,,,,,,,,
,,,,,,,,,
,,,,,,,,,
,,,,,,,,,
,,,,,,,,,
,,,,,,,,,
,,,,,,,,,
,,,,,,,,,
,,,,,,,,,
,,,,,,,,,
,,,,,,,,,
,,,,,,,,,
,,,,,,,,,
,,,,,,,,,
,,,,,,,,,
,,,,,,,,,
,,,,,,,,,
,,,,,,,,,
,,,,,,,,,
,,,,,,,,,
,,,,,,,,,
,,,,,,,,,
,,,,,,,,,
,,,,,,,,,
,,,,,,,,,
,,,,,,,,,
,,,,,,,,,
,,,,,,,,,
,,,,,,,,,
,,,,,,,,,
,,,,,,,,,
,,,,,,,,,
,,,,,,,,,
,,,,,,,,,
,,,,,,,,,
,,,,,,,,,
,,,,,,,,,
,,,,,,,,,
,,,,,,,,,
,,,,,,,,,
,,,,,,,,,
,,,,,,,,,
,,,,,,,,,
,,,,,,,,,
,,,,,,,,,
,,,,,,,,,
,,,,,,,,,
,,,,,,,,,
,,,,,,,,,
,,,,,,,,,
,,,,,,,,,
,,,,,,,,,
,,,,,,,,,
,,,,,,,,,
,,,,,,,,,
,,,,,,,,,
